LECROYWP725Zi-A,67858,Waveform
Segments,1,SegmentSize,1002
Segment,TrigTime,TimeSinceSegment1
#1,01-Jan-2009 01:24:58,0                 
Time,Ampl
-1.53325e-008,-0.00961304
-1.52825e-008,-0.00253851
-1.52325e-008,0.00765714
-1.51825e-008,0.00883623
-1.51325e-008,0.0022472
-1.50825e-008,0.00287143
-1.50325e-008,0.00696356
-1.49825e-008,0.0141768
-1.49325e-008,0.0138994
-1.48825e-008,-0.00267722
-1.48325e-008,-0.0261896
-1.47825e-008,-0.0447083
-1.47325e-008,-0.0456793
-1.46825e-008,-0.0369401
-1.46325e-008,-0.0295882
-1.45825e-008,-0.0268139
-1.45325e-008,-0.0293107
-1.44825e-008,-0.0300043
-1.44325e-008,-0.0307673
-1.43825e-008,-0.029935
-1.43325e-008,-0.0315302
-1.42825e-008,-0.0227217
-1.42325e-008,-0.00385631
-1.41825e-008,-0.00198364
-1.41325e-008,0.00016646
-1.40825e-008,0.00543768
-1.40325e-008,0.00453602
-1.39825e-008,0.00134555
-1.39325e-008,-0.00517412
-1.38825e-008,-0.00427246
-1.38325e-008,0.00127619
-1.37825e-008,-0.00385631
-1.37325e-008,-0.00524347
-1.36825e-008,-0.00378695
-1.36325e-008,-0.0109308
-1.35825e-008,-0.0194619
-1.35325e-008,-0.0191151
-1.34825e-008,-0.00774037
-1.34325e-008,0.0039118
-1.33825e-008,0.00488281
-1.33325e-008,-0.00323209
-1.32825e-008,-0.0100985
-1.32325e-008,-0.015023
-1.31825e-008,-0.0241089
-1.31325e-008,-0.0286172
-1.30825e-008,-0.0181441
-1.30325e-008,-0.00829523
-1.29825e-008,-0.0114163
-1.29325e-008,-0.0187683
-1.28825e-008,-0.0222362
-1.28325e-008,-0.00739358
-1.27825e-008,0.00668612
-1.27325e-008,0.00190041
-1.26825e-008,-0.00607577
-1.26325e-008,-0.0134277
-1.25825e-008,-0.0250799
-1.25325e-008,-0.03479
-1.24825e-008,-0.0222362
-1.24325e-008,0.00321822
-1.23825e-008,0.0163963
-1.23325e-008,0.0105702
-1.22825e-008,-0.00267722
-1.22325e-008,-0.00461925
-1.21825e-008,0.00613126
-1.21325e-008,0.0180609
-1.20825e-008,0.0214594
-1.20325e-008,0.0134832
-1.19825e-008,0.00869751
-1.19325e-008,0.0106395
-1.18825e-008,0.00779585
-1.18325e-008,0.00939109
-1.17825e-008,0.0127203
-1.17325e-008,-0.00344016
-1.16825e-008,-0.0167569
-1.16325e-008,-0.00378695
-1.15825e-008,0.01383
-1.15325e-008,0.0141074
-1.14825e-008,0.00883623
-1.14325e-008,0.00405051
-1.13825e-008,0.000305176
-1.13325e-008,-0.00357888
-1.12825e-008,-0.0071855
-1.12325e-008,-0.0164795
-1.11825e-008,-0.0334722
-1.11325e-008,-0.0340965
-1.10825e-008,-0.0223056
-1.10325e-008,-0.0183522
-1.09825e-008,-0.0225136
-1.09325e-008,-0.0197393
-1.08825e-008,-0.00496604
-1.08325e-008,0.00148426
-1.07825e-008,-0.00545155
-1.07325e-008,-0.0110696
-1.06825e-008,-0.0157166
-1.06325e-008,-0.0229992
-1.05825e-008,-0.0265364
-1.05325e-008,-0.0349288
-1.04825e-008,-0.0303511
-1.04325e-008,-0.017936
-1.03825e-008,-0.0088501
-1.03325e-008,-0.00309337
-1.02825e-008,0.000998757
-1.02325e-008,0.00335693
-1.01825e-008,-0.00732422
-1.01325e-008,-0.0130116
-1.00825e-008,-0.00656128
-1.00325e-008,-0.00593706
-9.98254e-009,-0.00954368
-9.93254e-009,-0.010376
-9.88254e-009,-0.00350952
-9.83254e-009,0.00377308
-9.78254e-009,-0.00142878
-9.73254e-009,-0.00746294
-9.68254e-009,-0.00732422
-9.63254e-009,-0.00787908
-9.58254e-009,-0.00760165
-9.53254e-009,-0.00108199
-9.48254e-009,0.0039118
-9.43254e-009,0.00516025
-9.38254e-009,0.00564575
-9.33254e-009,-0.00448054
-9.28254e-009,-0.0207103
-9.23254e-009,-0.0209878
-9.18254e-009,-0.0122486
-9.13254e-009,-0.0100985
-9.08254e-009,-0.00822587
-9.03254e-009,-0.0096824
-8.98254e-009,-0.018699
-8.93254e-009,-0.0209878
-8.88254e-009,-0.019878
-8.83254e-009,-0.0122486
-8.78254e-009,-0.00239979
-8.73254e-009,0.00876687
-8.68254e-009,0.0022472
-8.63254e-009,-0.0164795
-8.58254e-009,-0.0214039
-8.53254e-009,-0.0224443
-8.48254e-009,-0.0204329
-8.43254e-009,-0.0123874
-8.38254e-009,-0.00559027
-8.33254e-009,-0.00614513
-8.28254e-009,-0.00607577
-8.23254e-009,-0.002053
-8.18254e-009,-0.00337081
-8.13254e-009,-0.00975175
-8.08254e-009,-0.00898881
-8.03254e-009,-0.00198364
-7.98254e-009,0.00148426
-7.93254e-009,-0.00392567
-7.88254e-009,-0.00989047
-7.83254e-009,-0.0125261
-7.78254e-009,-0.0257041
-7.73254e-009,-0.0268139
-7.68254e-009,-0.0245944
-7.63254e-009,-0.0303511
-7.58254e-009,-0.0359691
-7.53254e-009,-0.0470664
-7.48254e-009,-0.0549039
-7.43254e-009,-0.0465809
-7.38254e-009,-0.0239008
-7.33254e-009,0.00890558
-7.28254e-009,0.0176447
-7.23254e-009,0.00203913
-7.18254e-009,0.000582608
-7.13254e-009,-0.00309337
-7.08254e-009,-0.0118325
-7.03254e-009,-0.021612
-6.98254e-009,-0.0237621
-6.93254e-009,-0.0174505
-6.88254e-009,-0.00683871
-6.83254e-009,0.000998757
-6.78254e-009,-0.0108615
-6.73254e-009,-0.0157859
-6.68254e-009,-0.0063532
-6.63254e-009,0.00356501
-6.58254e-009,0.00287143
-6.53254e-009,-0.00330145
-6.48254e-009,-0.00683871
-6.43254e-009,-0.00711614
-6.38254e-009,-0.00454989
-6.33254e-009,-0.00392567
-6.28254e-009,0.00370372
-6.23254e-009,0.00897494
-6.18254e-009,0.00238592
-6.13254e-009,-0.002053
-6.08254e-009,-0.00607577
-6.03254e-009,-0.0111389
-5.98254e-009,-0.0128035
-5.93254e-009,-0.00822587
-5.88254e-009,-0.000804554
-5.83254e-009,-0.0067
-5.78254e-009,-0.024317
-5.73254e-009,-0.0340271
-5.68254e-009,-0.0283397
-5.63254e-009,-0.0127342
-5.58254e-009,-0.00434182
-5.53254e-009,-0.00822587
-5.48254e-009,-0.0166876
-5.43254e-009,-0.0171037
-5.38254e-009,-0.00697743
-5.33254e-009,0.00710227
-5.28254e-009,0.0068942
-5.23254e-009,0.000790683
-5.18254e-009,-0.0154391
-5.13254e-009,-0.0288946
-5.08254e-009,-0.025288
-5.03254e-009,-0.0153698
-4.98254e-009,-0.00448054
-4.93254e-009,0.00793457
-4.88254e-009,0.0201416
-4.83254e-009,0.0243724
-4.78254e-009,0.0157027
-4.73254e-009,0.0039118
-4.68254e-009,-0.00593706
-4.63254e-009,-0.0141213
-4.58254e-009,-0.0186296
-4.53254e-009,-0.0278542
-4.48254e-009,-0.0286172
-4.43254e-009,-0.0176586
-4.38254e-009,-0.00947432
-4.33254e-009,-0.00357888
-4.28254e-009,-0.00309337
-4.23254e-009,-0.00489668
-4.18254e-009,-0.0145375
-4.13254e-009,-0.0242476
-4.08254e-009,-0.0229992
-4.03254e-009,-0.0130809
-3.98254e-009,-0.0105841
-3.93254e-009,-0.0165489
-3.88254e-009,-0.0241089
-3.83254e-009,-0.01426
-3.78254e-009,-0.00593706
-3.73254e-009,-0.00829523
-3.68254e-009,-0.0139132
-3.63254e-009,-0.0182828
-3.58254e-009,-0.0202942
-3.53254e-009,-0.0115551
-3.48254e-009,-0.00482733
-3.43254e-009,-0.0104453
-3.38254e-009,-0.0232766
-3.33254e-009,-0.0222362
-3.28254e-009,-0.00385631
-3.23254e-009,0.00377308
-3.18254e-009,-0.00468861
-3.13254e-009,-0.0175892
-3.08254e-009,-0.0240395
-3.03254e-009,-0.0263283
-2.98254e-009,-0.0205716
-2.93254e-009,-0.0148149
-2.88254e-009,-0.0181441
-2.83254e-009,-0.0207797
-2.78254e-009,-0.0124567
-2.73254e-009,-0.0147455
-2.68254e-009,-0.0187683
-2.63254e-009,-0.00385631
-2.58254e-009,0.00238592
-2.53254e-009,-0.00905817
-2.48254e-009,-0.0214733
-2.43254e-009,-0.0233459
-2.38254e-009,-0.0191845
-2.33254e-009,-0.0187683
-2.28254e-009,-0.0214039
-2.23254e-009,-0.0239008
-2.18254e-009,-0.0330561
-2.13254e-009,-0.0327093
-2.08254e-009,-0.022583
-2.03254e-009,-0.0121793
-1.98254e-009,0.000998757
-1.93254e-009,0.00328758
-1.88254e-009,-0.002053
-1.83254e-009,0.00294078
-1.78254e-009,0.00710227
-1.73254e-009,-0.00357888
-1.68254e-009,-0.00683871
-1.63254e-009,-0.0105147
-1.58254e-009,-0.0207797
-1.53254e-009,-0.0200168
-1.48254e-009,-0.0143294
-1.43254e-009,-0.0067
-1.38254e-009,-0.00309337
-1.33254e-009,-0.013289
-1.28254e-009,-0.0207103
-1.23254e-009,-0.0168956
-1.18254e-009,-0.0225136
-1.13254e-009,-0.0287559
-1.08254e-009,-0.0202248
-1.03254e-009,-0.0125954
-9.8254e-010,-0.0162021
-9.3254e-010,-0.0239008
-8.8254e-010,-0.0250105
-8.3254e-010,-0.0204329
-7.8254e-010,-0.0245944
-7.3254e-010,-0.0270219
-6.8254e-010,-0.0317383
-6.3254e-010,-0.0309753
-5.8254e-010,-0.0137745
-5.3254e-010,0.00335693
-4.8254e-010,0.0178528
-4.3254e-010,0.0132751
-3.8254e-010,-0.00878074
-3.3254e-010,-0.0172424
-2.8254e-010,-0.0088501
-2.3254e-010,-0.00614513
-1.8254e-010,-0.00871138
-1.3254e-010,-0.00177557
-8.25395e-011,0.00418923
-3.25395e-011,-0.00330145
1.74605e-011,-0.0118325
6.74605e-011,-0.00517412
1.1746e-010,0.00162298
1.6746e-010,0.00238592
2.1746e-010,0.00488281
2.6746e-010,0.00814264
3.1746e-010,0.00349565
3.6746e-010,0.000721325
4.1746e-010,-0.00149814
4.6746e-010,-0.00753229
5.1746e-010,-0.0172424
5.6746e-010,-0.0238315
6.1746e-010,-0.0201555
6.6746e-010,-0.00815652
7.1746e-010,-0.00406439
7.6746e-010,-0.00607577
8.1746e-010,-0.019878
8.6746e-010,-0.0282704
9.1746e-010,-0.0248025
9.6746e-010,-0.0166182
1.01746e-009,-0.0126648
1.06746e-009,-0.013289
1.11746e-009,-0.00531283
1.16746e-009,0.00994596
1.21746e-009,0.0135526
1.26746e-009,0.00183105
1.31746e-009,-0.00600641
1.36746e-009,-0.00142878
1.41746e-009,0.015772
1.46746e-009,0.0229853
1.51746e-009,0.0224304
1.56746e-009,0.014801
1.61746e-009,0.00633933
1.66746e-009,-0.0028853
1.71746e-009,-0.00233043
1.76746e-009,0.00675548
1.81746e-009,0.00731035
1.86746e-009,-0.00454989
1.91746e-009,-0.0111389
1.96746e-009,-0.00919689
2.01746e-009,-0.00905817
2.06746e-009,-0.0109308
2.11746e-009,-0.0111389
2.16746e-009,-0.00538219
2.21746e-009,-0.00441118
2.26746e-009,-0.011347
2.31746e-009,-0.0137745
2.36746e-009,-0.0107228
2.41746e-009,-0.0175892
2.46746e-009,-0.0218894
2.51746e-009,-0.0176586
2.56746e-009,-0.0105147
2.61746e-009,-0.00413374
2.66746e-009,0.0039118
2.71746e-009,0.00384244
2.76746e-009,-0.00101263
2.81746e-009,-0.0166876
2.86746e-009,-0.0336803
2.91746e-009,-0.0397838
2.96746e-009,-0.0295188
3.01746e-009,-0.0177973
3.06746e-009,-0.0214039
3.11746e-009,-0.028201
3.16746e-009,-0.0229298
3.21746e-009,-0.0161327
3.26746e-009,-0.0101679
3.31746e-009,-0.00912753
3.36746e-009,-0.0125261
3.41746e-009,-0.025288
3.46746e-009,-0.0341658
3.51746e-009,-0.0298656
3.56746e-009,-0.0168263
3.61746e-009,-0.00794844
3.66746e-009,-0.0147455
3.71746e-009,-0.0242476
3.76746e-009,-0.0258428
3.81746e-009,-0.0188377
3.86746e-009,-0.0109308
3.91746e-009,-0.0139132
3.96746e-009,-0.0159246
4.01746e-009,-0.0159246
4.06746e-009,-0.0220281
4.11746e-009,-0.0230685
4.16746e-009,-0.0093356
4.21746e-009,0.00918302
4.26746e-009,0.0105702
4.31746e-009,-0.00614513
4.36746e-009,-0.0207797
4.41746e-009,-0.0236234
4.46746e-009,-0.0195313
4.51746e-009,-0.0173811
4.56746e-009,-0.0174505
4.61746e-009,-0.00905817
4.66746e-009,0.00148426
4.71746e-009,0.000235818
4.76746e-009,-0.00538219
4.81746e-009,-0.0114857
4.86746e-009,-0.0150923
4.91746e-009,-0.0190457
4.96746e-009,-0.0159246
5.01746e-009,-0.00517412
5.06746e-009,0.00724099
5.11746e-009,0.00675548
5.16746e-009,-0.00115134
5.21746e-009,-0.00572898
5.26746e-009,-0.00309337
5.31746e-009,-0.00538219
5.36746e-009,-0.00350952
5.41746e-009,0.00238592
5.46746e-009,0.00592318
5.51746e-009,0.00654741
5.56746e-009,0.00363437
5.61746e-009,-0.00163685
5.66746e-009,-0.0154391
5.71746e-009,-0.0216814
5.76746e-009,-0.0130809
5.81746e-009,-0.00676935
5.86746e-009,-0.00434182
5.91746e-009,0.00120683
5.96746e-009,-0.00545155
6.01746e-009,-0.0197393
6.06746e-009,-0.0302124
6.11746e-009,-0.0282704
6.16746e-009,-0.0110696
6.21746e-009,-0.00163685
6.26746e-009,-0.00156749
6.31746e-009,-0.0119019
6.36746e-009,-0.0326399
6.41746e-009,-0.0454018
6.46746e-009,-0.0361772
6.51746e-009,-0.0158553
6.56746e-009,-0.00191428
6.61746e-009,0.00495217
6.66746e-009,0.00814264
6.71746e-009,0.0100153
6.76746e-009,0.00994596
6.81746e-009,0.00564575
6.86746e-009,-0.00260787
6.91746e-009,-0.00704679
6.96746e-009,-0.0130116
7.01746e-009,-0.0268832
7.06746e-009,-0.0280623
7.11746e-009,-0.0165489
7.16746e-009,-0.0167569
7.21746e-009,-0.0222362
7.26746e-009,-0.017936
7.31746e-009,-0.00517412
7.36746e-009,-0.000388406
7.41746e-009,-0.00995983
7.46746e-009,-0.0234153
7.51746e-009,-0.0273687
7.56746e-009,-0.025288
7.61746e-009,-0.0232072
7.66746e-009,-0.030906
7.71746e-009,-0.0322931
7.76746e-009,-0.0261203
7.81746e-009,-0.0148149
7.86746e-009,-0.00538219
7.91746e-009,-0.00600641
7.96746e-009,-0.0071855
8.01746e-009,-0.00330145
8.06746e-009,-0.00926625
8.11746e-009,-0.0123874
8.16746e-009,-0.0088501
8.21746e-009,-0.00316273
8.26746e-009,0.00141491
8.31746e-009,-0.00142878
8.36746e-009,-0.00774037
8.41746e-009,-0.0128035
8.46746e-009,-0.00690807
8.51746e-009,0.0129284
8.56746e-009,0.0193093
8.61746e-009,0.0100153
8.66746e-009,-0.00316273
8.71746e-009,-0.0161327
8.76746e-009,-0.0240395
8.81746e-009,-0.0259122
8.86746e-009,-0.0220975
8.91746e-009,-0.0182134
8.96746e-009,-0.0188377
9.01746e-009,-0.0267445
9.06746e-009,-0.0293801
9.11746e-009,-0.022583
9.16746e-009,-0.0202248
9.21746e-009,-0.0275074
9.26746e-009,-0.0307673
9.31746e-009,-0.0276462
9.36746e-009,-0.0245944
9.41746e-009,-0.0248025
9.46746e-009,-0.0225136
9.51746e-009,-0.0236234
9.56746e-009,-0.030143
9.61746e-009,-0.0386741
9.66746e-009,-0.0414484
9.71746e-009,-0.0353449
9.76746e-009,-0.0186296
9.81746e-009,-0.00531283
9.86746e-009,-0.00642256
9.91746e-009,-0.0119019
9.96746e-009,-0.0196006
1.00175e-008,-0.0305592
1.00675e-008,-0.0346513
1.01175e-008,-0.030906
1.01675e-008,-0.0315996
1.02175e-008,-0.0268139
1.02675e-008,-0.011347
1.03175e-008,-0.000249689
1.03675e-008,0.00217785
1.04175e-008,-0.00489668
1.04675e-008,-0.0106534
1.05175e-008,-0.0149536
1.05675e-008,-0.0158553
1.06175e-008,-0.00808716
1.06675e-008,-0.00330145
1.07175e-008,-0.00600641
1.07675e-008,-0.00239979
1.08175e-008,0.00356501
1.08675e-008,-0.00219172
1.09175e-008,-0.00774037
1.09675e-008,-0.00434182
1.10175e-008,-0.00579834
1.10675e-008,-0.00864202
1.11175e-008,-0.00774037
1.11675e-008,-0.00246915
1.12175e-008,-0.00739358
1.12675e-008,-0.0180747
1.13175e-008,-0.0211958
1.13675e-008,-0.0124567
1.14175e-008,-0.0116938
1.14675e-008,-0.0181441
1.15175e-008,-0.0207103
1.15675e-008,-0.0126648
1.16175e-008,-0.0124567
1.16675e-008,-0.0144681
1.17175e-008,-0.0188377
1.17675e-008,-0.0248718
1.18175e-008,-0.0316689
1.18675e-008,-0.0459567
1.19175e-008,-0.0551813
1.19675e-008,-0.0461648
1.20175e-008,-0.0334029
1.20675e-008,-0.019878
1.21175e-008,-0.012318
1.21675e-008,-0.0230685
1.22175e-008,-0.0270219
1.22675e-008,-0.0149536
1.23175e-008,-0.00815652
1.23675e-008,-0.0100292
1.24175e-008,-0.0173811
1.24675e-008,-0.01967
1.25175e-008,-0.020641
1.25675e-008,-0.0181441
1.26175e-008,-0.00961304
1.26675e-008,-0.00628385
1.27175e-008,-0.00316273
1.27675e-008,-0.00163685
1.28175e-008,-0.000943271
1.28675e-008,-0.00753229
1.29175e-008,-0.0116938
1.29675e-008,-0.00233043
1.30175e-008,0.00828136
1.30675e-008,0.0133445
1.31175e-008,0.00599254
1.31675e-008,-0.0128035
1.32175e-008,-0.0290333
1.32675e-008,-0.0387435
1.33175e-008,-0.0356917
1.33675e-008,-0.0193232
1.34175e-008,-0.00517412
1.34675e-008,-0.002053
1.35175e-008,-0.00593706
1.35675e-008,-0.0158553
1.36175e-008,-0.0236234
1.36675e-008,-0.0225136
1.37175e-008,-0.0238315
1.37675e-008,-0.0191845
1.38175e-008,-0.0180747
1.38675e-008,-0.0180747
1.39175e-008,-0.0211958
1.39675e-008,-0.0250105
1.40175e-008,-0.0224443
1.40675e-008,-0.0173811
1.41175e-008,-0.00489668
1.41675e-008,-0.00177557
1.42175e-008,-0.0116244
1.42675e-008,-0.0226524
1.43175e-008,-0.0133584
1.43675e-008,0.000790683
1.44175e-008,0.00280207
1.44675e-008,-0.0058677
1.45175e-008,-0.0139132
1.45675e-008,-0.0137052
1.46175e-008,-0.0123874
1.46675e-008,-0.0200168
1.47175e-008,-0.0223056
1.47675e-008,-0.0176586
1.48175e-008,-0.0165489
1.48675e-008,-0.0130116
1.49175e-008,-0.00940496
1.49675e-008,-0.00774037
1.50175e-008,-0.0163408
1.50675e-008,-0.0230685
1.51175e-008,-0.0231379
1.51675e-008,-0.0199474
1.52175e-008,-0.00628385
1.52675e-008,0.000374534
1.53175e-008,-0.00413374
1.53675e-008,-0.00267722
1.54175e-008,0.00876687
1.54675e-008,0.00828136
1.55175e-008,-0.000110973
1.55675e-008,-0.00559027
1.56175e-008,-0.00385631
1.56675e-008,-0.00690807
1.57175e-008,-0.00711614
1.57675e-008,-0.000804554
1.58175e-008,-0.00364824
1.58675e-008,-0.00406439
1.59175e-008,0.00016646
1.59675e-008,0.0052296
1.60175e-008,0.00134555
1.60675e-008,-0.0143987
1.61175e-008,-0.0210571
1.61675e-008,-0.0224443
1.62175e-008,-0.0236234
1.62675e-008,-0.0244557
1.63175e-008,-0.0178667
1.63675e-008,-0.00919689
1.64175e-008,-0.0170344
1.64675e-008,-0.0274381
1.65175e-008,-0.0418646
1.65675e-008,-0.0474132
1.66175e-008,-0.0426275
1.66675e-008,-0.0363159
1.67175e-008,-0.019878
1.67675e-008,0.00106812
1.68175e-008,-0.0012207
1.68675e-008,-0.0106534
1.69175e-008,-0.0160633
1.69675e-008,-0.0252186
1.70175e-008,-0.0273687
1.70675e-008,-0.0232766
1.71175e-008,-0.0209184
1.71675e-008,-0.00961304
1.72175e-008,-0.00621449
1.72675e-008,-0.00621449
1.73175e-008,-0.00468861
1.73675e-008,-0.0102373
1.74175e-008,-0.0191845
1.74675e-008,-0.0153004
1.75175e-008,-0.0121793
1.75675e-008,-0.014052
1.76175e-008,-0.0164101
1.76675e-008,-0.0197393
1.77175e-008,-0.0327093
1.77675e-008,-0.0445002
1.78175e-008,-0.0344432
1.78675e-008,-0.0164795
1.79175e-008,-0.0128729
1.79675e-008,-0.0164795
1.80175e-008,-0.0197393
1.80675e-008,-0.0214733
1.81175e-008,-0.0202942
1.81675e-008,-0.0138439
1.82175e-008,-0.0050354
1.82675e-008,0.00731035
1.83175e-008,0.0118186
1.83675e-008,0.00890558
1.84175e-008,0.000582608
1.84675e-008,-0.00233043
1.85175e-008,0.00959917
1.85675e-008,0.0173673
1.86175e-008,-0.00364824
1.86675e-008,-0.0157166
1.87175e-008,-0.0149536
1.87675e-008,-0.0141213
1.88175e-008,-0.0192538
1.88675e-008,-0.0363159
1.89175e-008,-0.04776
1.89675e-008,-0.0406161
1.90175e-008,-0.0283397
1.90675e-008,-0.0141907
1.91175e-008,-0.015023
1.91675e-008,-0.0188377
1.92175e-008,-0.0176586
1.92675e-008,-0.026259
1.93175e-008,-0.0343045
1.93675e-008,-0.0315996
1.94175e-008,-0.0189764
1.94675e-008,-0.0128035
1.95175e-008,-0.0146068
1.95675e-008,-0.0162021
1.96175e-008,-0.0191845
1.96675e-008,-0.0261203
1.97175e-008,-0.0110002
1.97675e-008,0.0141074
1.98175e-008,0.0132751
1.98675e-008,0.00217785
1.99175e-008,-0.00524347
1.99675e-008,-0.00337081
2.00175e-008,0.00016646
2.00675e-008,0.00217785
2.01175e-008,0.000443892
2.01675e-008,-0.00309337
2.02175e-008,-0.00559027
2.02675e-008,-0.000527122
2.03175e-008,0.0022472
2.03675e-008,-0.0071855
2.04175e-008,-0.0199474
2.04675e-008,-0.0234847
2.05175e-008,-0.00780973
2.05675e-008,0.000929399
2.06175e-008,-0.00663064
2.06675e-008,-0.0177973
2.07175e-008,-0.0165489
2.07675e-008,0.000305176
2.08175e-008,0.00758778
2.08675e-008,-0.0121099
2.09175e-008,-0.035553
2.09675e-008,-0.0334029
2.10175e-008,-0.015231
2.10675e-008,-0.00864202
2.11175e-008,-0.00843395
2.11675e-008,-0.00461925
2.12175e-008,-0.0110002
2.12675e-008,-0.0276462
2.13175e-008,-0.0393677
2.13675e-008,-0.0414484
2.14175e-008,-0.0348594
2.14675e-008,-0.0302124
2.15175e-008,-0.0300737
2.15675e-008,-0.0192538
2.16175e-008,-0.0110696
2.16675e-008,-0.00753229
2.17175e-008,-0.00565962
2.17675e-008,-0.0104453
2.18175e-008,-0.0167569
2.18675e-008,-0.0115551
2.19175e-008,-0.00101263
2.19675e-008,0.00280207
2.20175e-008,0.000582608
2.20675e-008,-0.00295466
2.21175e-008,9.71014e-005
2.21675e-008,0.00925237
2.22175e-008,0.00592318
2.22675e-008,-0.0037176
2.23175e-008,-0.00690807
2.23675e-008,0.00148426
2.24175e-008,-0.000319047
2.24675e-008,-0.0146068
2.25175e-008,-0.0293107
2.25675e-008,-0.0292414
2.26175e-008,-0.0170344
2.26675e-008,-0.00725486
2.27175e-008,-0.00406439
2.27675e-008,-0.00385631
2.28175e-008,0.000860041
2.28675e-008,-0.00545155
2.29175e-008,-0.0148843
2.29675e-008,-0.0220281
2.30175e-008,-0.0218894
2.30675e-008,-0.0253573
2.31175e-008,-0.0236234
2.31675e-008,-0.0148843
2.32175e-008,-0.000873912
2.32675e-008,0.00536832
2.33175e-008,0.00169234
2.33675e-008,-0.00350952
2.34175e-008,-0.00676935
2.34675e-008,-0.00989047
2.35175e-008,-0.0050354
2.35675e-008,-0.00239979
2.36175e-008,-0.002053
2.36675e-008,-0.00739358
2.37175e-008,-0.0166876
2.37675e-008,-0.00524347
2.38175e-008,0.00231656
2.38675e-008,0.00141491
2.39175e-008,0.000305176
2.39675e-008,0.00564575
2.40175e-008,0.0163269
2.40675e-008,0.0161882
2.41175e-008,0.0039118
2.41675e-008,-0.00468861
2.42175e-008,-0.0102373
2.42675e-008,-0.0131503
2.43175e-008,-0.0144681
2.43675e-008,-0.018699
2.44175e-008,-0.0130809
2.44675e-008,-0.00857267
2.45175e-008,-0.00385631
2.45675e-008,0.010154
2.46175e-008,0.0136219
2.46675e-008,-0.0037176
2.47175e-008,-0.0211958
2.47675e-008,-0.0354836
2.48175e-008,-0.0349981
2.48675e-008,-0.0271606
2.49175e-008,-0.0259122
2.49675e-008,-0.0275768
2.50175e-008,-0.0268832
2.50675e-008,-0.0191151
2.51175e-008,-0.0116244
2.51675e-008,-0.0189764
2.52175e-008,-0.0312528
2.52675e-008,-0.0348594
2.53175e-008,-0.0311141
2.53675e-008,-0.0273687
2.54175e-008,-0.018699
2.54675e-008,-0.0136358
2.55175e-008,-0.019878
2.55675e-008,-0.0306286
2.56175e-008,-0.0313915
2.56675e-008,-0.0254267
2.57175e-008,-0.0185602
2.57675e-008,-0.0190457
2.58175e-008,-0.0182828
2.58675e-008,-0.0150923
2.59175e-008,-0.0172424
2.59675e-008,-0.0203635
2.60175e-008,-0.0261896
2.60675e-008,-0.0209878
2.61175e-008,-0.0106534
2.61675e-008,-0.0207797
2.62175e-008,-0.0358998
2.62675e-008,-0.0427662
2.63175e-008,-0.0432517
2.63675e-008,-0.0389515
2.64175e-008,-0.0332642
2.64675e-008,-0.0313221
2.65175e-008,-0.0185602
2.65675e-008,-0.00392567
2.66175e-008,-0.00267722
2.66675e-008,-0.00510476
2.67175e-008,-0.00233043
2.67675e-008,0.00585383
2.68175e-008,0.00585383
2.68675e-008,-0.00239979
2.69175e-008,-0.011347
2.69675e-008,-0.00864202
2.70175e-008,-0.0096824
2.70675e-008,-0.0241782
2.71175e-008,-0.0297963
2.71675e-008,-0.0247331
2.72175e-008,-0.0228604
2.72675e-008,-0.0213346
2.73175e-008,-0.0184909
2.73675e-008,-0.0100985
2.74175e-008,-0.00281594
2.74675e-008,-0.00676935
2.75175e-008,-0.0177973
2.75675e-008,-0.0199474
2.76175e-008,-0.01426
2.76675e-008,-0.0107921
2.77175e-008,-0.0167569
2.77675e-008,-0.0218201
2.78175e-008,-0.0287559
2.78675e-008,-0.0313915
2.79175e-008,-0.0264671
2.79675e-008,-0.0139132
2.80175e-008,-0.00905817
2.80675e-008,-0.0158553
2.81175e-008,-0.0220281
2.81675e-008,-0.0238315
2.82175e-008,-0.0203635
2.82675e-008,-0.018699
2.83175e-008,-0.0201555
2.83675e-008,-0.0286865
2.84175e-008,-0.0401306
2.84675e-008,-0.0363159
2.85175e-008,-0.0226524
2.85675e-008,-0.0131503
2.86175e-008,-0.0137052
2.86675e-008,-0.0241782
2.87175e-008,-0.0268832
2.87675e-008,-0.01426
2.88175e-008,-0.00434182
2.88675e-008,-0.0080178
2.89175e-008,-0.0185602
2.89675e-008,-0.0158553
2.90175e-008,-0.0121099
2.90675e-008,-0.0160633
2.91175e-008,-0.0110696
2.91675e-008,-0.0058677
2.92175e-008,-0.0121099
2.92675e-008,-0.0219588
2.93175e-008,-0.0320851
2.93675e-008,-0.0288252
2.94175e-008,-0.0200168
2.94675e-008,-0.0180054
2.95175e-008,-0.0201555
2.95675e-008,-0.0202248
2.96175e-008,-0.0227911
2.96675e-008,-0.023554
2.97175e-008,-0.020641
2.97675e-008,-0.019878
2.98175e-008,-0.0108615
2.98675e-008,-0.00399503
2.99175e-008,-0.0042031
2.99675e-008,-0.00441118
3.00175e-008,-0.0143294
3.00675e-008,-0.020641
3.01175e-008,-0.0175199
3.01675e-008,-0.0124567
3.02175e-008,-0.00101263
3.02675e-008,0.00217785
3.03175e-008,0.00127619
3.03675e-008,-0.00239979
3.04175e-008,-0.00344016
3.04675e-008,-0.000249689
3.05175e-008,-0.00517412
3.05675e-008,-0.00760165
3.06175e-008,-0.00226108
3.06675e-008,-0.00808716
3.07175e-008,-0.0183522
3.07675e-008,-0.0184909
3.08175e-008,-0.00836459
3.08675e-008,-0.0028853
3.09175e-008,-0.0063532
3.09675e-008,-0.0158553
3.10175e-008,-0.0183522
3.10675e-008,-0.0158553
3.11175e-008,-0.0202942
3.11675e-008,-0.0198087
3.12175e-008,-0.0122486
3.12675e-008,-0.0119712
3.13175e-008,-0.0125954
3.13675e-008,-0.018907
3.14175e-008,-0.033611
3.14675e-008,-0.0398532
3.15175e-008,-0.0300043
3.15675e-008,-0.018907
3.16175e-008,-0.0214733
3.16675e-008,-0.0258428
3.17175e-008,-0.023554
3.17675e-008,-0.00926625
3.18175e-008,0.00301014
3.18675e-008,-0.00274658
3.19175e-008,-0.0153698
3.19675e-008,-0.0155778
3.20175e-008,-0.010376
3.20675e-008,-0.0110002
3.21175e-008,-0.0120406
3.21675e-008,-0.00898881
3.22175e-008,-0.0114163
3.22675e-008,-0.026259
3.23175e-008,-0.0293801
3.23675e-008,-0.0181441
3.24175e-008,-0.0119019
3.24675e-008,-0.0123874
3.25175e-008,-0.00656128
3.25675e-008,0.00626998
3.26175e-008,0.00529896
3.26675e-008,-0.00441118
3.27175e-008,-0.00385631
3.27675e-008,0.000998757
3.28175e-008,-0.00233043
3.28675e-008,-0.0100292
3.29175e-008,-0.0168263
3.29675e-008,-0.016965
3.30175e-008,-0.0236927
3.30675e-008,-0.0346513
3.31175e-008,-0.0212652
3.31675e-008,-0.000180331
3.32175e-008,-0.00177557
3.32675e-008,-0.0080178
3.33175e-008,-0.00704679
3.33675e-008,-0.002053
3.34175e-008,-0.00142878
3.34675e-008,0.000443892
3.35175e-008,0.00779585
3.35675e-008,0.0123735
3.36175e-008,0.00252464
3.36675e-008,-0.00954368
3.37175e-008,-0.018699
3.37675e-008,-0.0189764
3.38175e-008,-0.0120406
3.38675e-008,-0.00559027
3.39175e-008,-0.00628385
3.39675e-008,-0.00350952
3.40175e-008,-0.000527122
3.40675e-008,-0.00676935
3.41175e-008,-0.0190457
3.41675e-008,-0.0200861
3.42175e-008,-0.0114163
3.42675e-008,2.77433e-005
3.43175e-008,0.00925237
3.43675e-008,0.0162575
3.44175e-008,0.00141491
3.44675e-008,-0.0178667
3.45175e-008,-0.0126648
3.45675e-008,-0.000804554
3.46175e-008,0.00196977
3.46675e-008,0.000721325
3.47175e-008,0.00405051
